names,calories,protein,fat,carbs,fiber
Bagel,145.52554273179126,4.452417880791745,1.6491295653338893,27.862187372399326,1.212820130127083
